Date,Temperature_C,Humidity_%,Rain_mm,Wind_kmh,Previous_Day_Consumption,Week_Average,Month_Average,Water_Consumption_Liters
2023-01-01,23.48,80.99,1.05,12.29,340.14,345.0,386.61,540.85
2023-01-02,19.03,73.87,0.14,2.86,362.73,343.23,358.85,481.1
2023-01-03,24.53,60.89,0.86,8.56,290.4,269.89,298.05,413.74
2023-01-04,30.66,50.3,0.24,11.2,289.05,296.44,279.31,470.84
2023-01-05,18.36,70.47,3.3,10.74,266.69,271.76,271.12,396.26
2023-01-06,18.36,65.9,5.9,20.77,253.98,253.41,250.41,432.92
2023-01-07,31.05,73.43,0.15,11.4,276.96,263.01,270.81,405.49
2023-01-08,25.37,69.53,6.21,5.98,359.57,352.49,386.85,563.5
2023-01-09,16.71,75.74,1.48,9.62,296.43,293.81,314.09,398.04
2023-01-10,23.8,51.97,0.71,2.9,380.82,364.86,382.87,423.93
2023-01-11,16.76,79.76,0.16,9.68,352.08,344.69,317.52,422.35
2023-01-12,16.74,62.96,1.39,6.67,231.89,238.41,226.47,377.54
2023-01-13,21.69,91.13,3.16,13.66,389.3,403.57,429.84,540.41
2023-01-14,6.61,49.66,2.46,7.8,398.65,394.45,395.19,335.59
2023-01-15,7.93,86.04,0.1,9.53,290.37,297.93,306.92,399.56
2023-01-16,16.06,62.97,0.15,7.46,375.21,356.07,396.84,374.44
2023-01-17,12.91,50.23,1.03,16.96,298.61,305.2,301.89,348.31
2023-01-18,22.2,52.74,0.7,8.72,355.86,347.82,343.23,362.95
2023-01-19,13.64,55.19,0.53,17.33,274.13,277.2,237.6,329.18
2023-01-20,10.11,66.36,0.66,13.26,242.41,239.94,252.68,354.91
2023-01-21,30.26,67.84,3.25,11.93,327.03,340.24,314.81,453.38
2023-01-22,18.42,51.39,5.3,11.47,342.58,333.83,345.22,398.54
2023-01-23,20.47,59.63,1.04,11.58,326.14,332.42,307.39,427.67
2023-01-24,10.03,92.13,4.73,2.29,278.96,276.16,274.98,402.29
2023-01-25,16.19,85.91,0.78,8.88,326.01,324.42,326.51,508.4
2023-01-26,20.78,66.54,1.29,13.38,366.16,364.32,370.19,525.56
2023-01-27,11.94,60.57,0.51,9.8,347.31,338.85,330.58,361.98
2023-01-28,22.63,61.8,2.05,4.38,360.95,360.81,378.9,463.44
2023-01-29,15.8,69.2,7.72,9.79,309.79,309.17,300.84,485.93
2023-01-30,17.96,44.66,1.85,16.82,420.3,422.72,395.19,436.58
2023-01-31,15.79,56.14,0.89,14.99,279.43,280.27,277.79,338.12
2023-02-01,32.97,34.97,2.09,9.75,379.25,387.23,379.77,469.98
2023-02-02,19.91,65.99,0.26,13.81,420.91,430.15,423.32,480.29
2023-02-03,12.6,69.71,4.39,8.53,378.85,368.35,399.29,439.47
2023-02-04,25.76,52.75,1.4,3.18,337.85,346.54,334.3,437.23
2023-02-05,11.45,83.61,1.19,6.3,318.3,306.44,316.51,389.57
2023-02-06,21.46,41.61,1.76,16.25,412.17,418.04,395.62,424.92
2023-02-07,6.28,38.03,1.96,8.9,264.62,270.82,276.93,285.46
2023-02-08,10.7,63.37,0.15,9.03,291.79,272.68,294.56,365.99
2023-02-09,21.38,75.71,2.3,8.8,326.15,327.08,319.85,430.84
2023-02-10,25.17,85.26,0.55,17.62,424.26,419.57,395.69,593.62
2023-02-11,21.2,53.12,2.5,16.5,372.79,365.2,394.45,415.05
2023-02-12,19.19,76.18,3.46,18.88,291.92,305.43,273.5,461.22
2023-02-13,17.89,59.42,3.26,9.36,331.38,324.84,322.51,420.42
2023-02-14,9.65,57.41,1.61,11.18,313.14,305.08,318.52,346.97
2023-02-15,14.96,73.25,1.47,3.93,307.41,308.17,289.46,381.62
2023-02-16,16.78,69.78,0.31,15.91,408.73,415.59,386.33,534.14
2023-02-17,27.4,36.35,2.99,5.33,267.7,266.28,235.84,357.91
2023-02-18,22.41,82.15,0.63,10.87,446.53,458.19,457.34,610.49
2023-02-19,7.66,80.7,1.37,5.61,399.69,405.0,391.52,440.47
2023-02-20,22.27,50.62,0.67,7.64,415.45,393.67,459.36,451.35
2023-02-21,17.3,65.94,0.29,6.65,322.22,316.93,307.31,416.05
2023-02-22,15.26,67.41,1.99,7.57,341.0,335.39,327.18,496.12
2023-02-23,24.28,63.91,0.11,7.84,264.01,268.8,255.53,375.85
2023-02-24,27.22,51.75,2.76,7.81,318.52,292.27,322.17,410.74
2023-02-25,26.52,49.93,0.76,13.33,379.62,405.11,372.57,445.72
2023-02-26,14.13,59.62,0.0,5.58,427.76,433.07,436.95,421.45
2023-02-27,17.84,77.59,1.43,10.88,283.57,285.06,268.89,378.47
2023-02-28,22.32,68.15,0.1,14.87,328.07,339.89,307.35,457.99
2023-03-01,26.83,54.44,0.65,7.95,340.92,364.36,313.95,493.31
2023-03-02,16.65,71.58,2.46,7.13,266.25,274.96,232.9,405.07
2023-03-03,18.7,20.0,0.13,9.08,385.48,394.97,377.71,345.73
2023-03-04,12.26,77.23,3.66,14.72,306.56,307.87,302.05,423.89
2023-03-05,11.63,33.9,0.01,10.78,338.28,336.86,328.81,354.43
2023-03-06,25.69,54.56,0.57,7.88,322.88,318.13,341.53,402.39
2023-03-07,29.49,43.2,2.7,11.94,302.64,294.38,321.06,498.01
2023-03-08,19.5,40.58,0.76,5.59,349.58,342.71,344.56,434.28
2023-03-09,27.02,77.41,0.21,12.73,337.06,323.56,310.15,506.08
2023-03-10,22.53,52.98,0.89,11.63,327.69,326.93,319.19,424.17
2023-03-11,15.48,65.2,0.63,8.77,306.29,289.45,297.29,423.23
2023-03-12,22.53,59.3,3.7,6.65,369.17,371.08,359.31,498.2
2023-03-13,30.77,67.16,0.75,6.45,449.22,448.85,438.75,513.95
2023-03-14,19.75,61.15,3.11,12.14,358.39,359.86,348.59,445.76
2023-03-15,30.95,40.76,4.45,14.92,409.77,404.55,403.97,481.82
2023-03-16,1.66,74.94,1.14,7.45,266.59,297.36,257.05,335.22
2023-03-17,25.75,52.59,4.81,11.83,359.47,373.07,362.59,507.7
2023-03-18,20.61,36.65,0.95,1.65,284.16,271.71,289.56,290.47
2023-03-19,17.91,53.58,6.65,7.66,261.38,263.71,247.72,389.93
2023-03-20,20.64,82.51,0.19,9.88,305.64,299.56,324.7,411.76
2023-03-21,6.09,72.75,2.32,6.36,421.51,411.37,406.81,397.4
2023-03-22,18.46,54.77,1.36,6.25,407.0,393.6,382.73,451.54
2023-03-23,22.5,54.76,0.98,7.33,364.58,368.9,370.29,412.14
2023-03-24,30.35,55.18,2.0,11.17,258.04,251.22,245.78,431.6
2023-03-25,16.37,91.15,2.43,9.25,338.22,347.9,343.04,431.68
2023-03-26,14.34,65.73,0.01,1.05,368.1,378.04,332.05,396.03
2023-03-27,16.49,66.45,0.37,1.52,360.53,374.27,381.42,401.75
2023-03-28,26.41,75.45,2.5,7.57,239.37,230.85,249.46,423.46
2023-03-29,22.3,63.58,2.2,11.83,296.58,301.33,274.07,434.35
2023-03-30,16.29,56.11,6.77,0.0,346.16,352.48,323.97,426.3
2023-03-31,23.59,57.05,2.86,8.0,382.18,377.44,407.26,445.62
2023-04-01,20.68,58.93,6.02,7.9,218.23,210.51,207.17,357.94
2023-04-02,26.78,59.44,2.42,15.55,340.27,356.37,327.76,543.15
2023-04-03,15.09,70.91,0.71,8.46,358.58,360.86,324.59,408.59
2023-04-04,17.71,60.78,0.22,11.53,400.98,407.34,395.72,444.05
2023-04-05,17.26,70.99,3.04,10.57,391.57,383.35,388.16,510.42
2023-04-06,9.76,58.79,2.07,1.48,384.95,372.76,395.69,485.67
2023-04-07,22.07,61.18,0.1,13.07,302.0,296.31,281.02,386.4
2023-04-08,21.83,30.03,0.89,10.86,235.52,234.28,212.72,340.17
2023-04-09,20.04,73.74,6.28,12.03,326.42,315.77,333.18,476.02
2023-04-10,18.36,65.2,1.39,25.0,410.1,410.0,425.2,497.17
2023-04-11,10.09,74.97,1.13,1.66,433.61,416.72,410.04,409.66
2023-04-12,17.06,20.0,1.22,16.9,392.63,381.43,408.86,348.31
2023-04-13,17.6,91.33,0.47,8.85,375.76,382.47,376.32,487.6
2023-04-14,14.38,57.91,0.92,11.15,372.78,378.82,389.16,370.69
2023-04-15,18.87,76.62,0.92,9.82,316.63,312.71,315.58,471.16
2023-04-16,22.83,44.4,0.11,8.3,342.2,332.02,304.36,401.46
2023-04-17,33.2,69.19,2.92,7.72,450.14,439.87,447.86,588.65
2023-04-18,21.22,44.2,1.08,11.32,293.45,289.71,309.35,369.82
2023-04-19,21.8,50.64,3.45,3.93,446.89,453.33,433.48,462.15
2023-04-20,19.48,88.71,3.8,13.0,330.68,339.96,324.86,518.18
2023-04-21,6.57,57.14,0.48,8.34,429.53,424.56,426.88,355.78
2023-04-22,19.81,63.26,2.14,5.48,265.59,254.06,222.1,381.23
2023-04-23,20.42,73.05,1.28,8.2,385.15,387.83,410.22,449.83
2023-04-24,37.24,67.44,4.24,15.03,305.79,297.56,292.27,526.29
2023-04-25,18.65,62.26,0.49,7.86,265.08,259.9,272.67,314.49
2023-04-26,22.11,65.47,2.27,11.43,363.11,376.36,361.81,515.66
2023-04-27,19.76,96.05,1.87,7.08,410.57,418.84,429.43,511.78
2023-04-28,11.82,59.14,0.7,13.03,299.3,300.88,305.39,406.62
2023-04-29,28.0,63.02,0.29,12.74,260.06,247.34,256.54,468.7
2023-04-30,25.26,75.76,2.11,17.39,344.49,346.6,331.09,480.56
2023-05-01,25.54,76.58,2.68,9.3,344.75,355.38,356.72,469.94
2023-05-02,13.63,77.81,0.76,12.67,382.9,379.14,354.8,536.14
2023-05-03,29.82,69.58,2.07,10.39,406.98,420.49,416.66,592.01
2023-05-04,10.19,42.85,1.01,15.18,346.44,359.36,329.95,362.51
2023-05-05,24.11,84.5,2.5,7.12,461.33,477.97,480.11,569.29
2023-05-06,35.33,42.8,0.44,12.98,363.45,366.51,365.87,467.57
2023-05-07,13.07,64.54,4.42,9.22,329.21,335.09,338.88,435.0
2023-05-08,16.04,48.69,0.68,9.74,253.31,267.45,254.54,317.34
2023-05-09,20.7,59.04,0.92,10.37,334.24,338.71,307.95,366.15
2023-05-10,16.48,64.93,0.12,11.01,329.82,324.8,316.91,371.49
2023-05-11,9.15,64.82,0.24,9.54,407.62,403.13,417.7,410.31
2023-05-12,20.48,66.33,1.45,10.86,377.75,380.13,380.25,434.18
2023-05-13,12.56,84.21,0.62,16.31,279.24,266.33,296.95,422.75
2023-05-14,23.32,66.8,3.61,13.94,360.34,358.9,366.38,468.81
2023-05-15,13.56,56.34,0.03,13.48,390.29,401.26,375.79,392.84
2023-05-16,30.85,74.46,0.95,8.18,441.68,419.77,429.74,581.76
2023-05-17,14.52,77.84,0.82,6.44,403.25,418.6,404.79,463.23
2023-05-18,17.75,41.59,0.04,13.82,395.65,406.87,360.94,411.21
2023-05-19,25.69,68.96,0.27,13.5,353.61,349.01,378.71,512.2
2023-05-20,11.38,70.52,1.07,15.89,373.3,378.73,379.92,455.24
2023-05-21,21.59,55.54,1.36,7.58,424.97,425.0,443.38,508.53
2023-05-22,29.15,80.64,1.04,9.08,270.03,282.33,246.32,463.78
2023-05-23,8.75,57.75,1.51,3.44,329.03,338.86,347.7,333.3
2023-05-24,21.29,61.88,1.81,8.43,303.65,289.65,337.12,382.78
2023-05-25,21.82,57.4,0.02,13.99,372.75,378.62,352.94,439.53
2023-05-26,25.47,60.23,1.25,8.13,423.81,421.76,435.38,523.06
2023-05-27,11.34,43.56,6.62,12.56,314.18,315.01,314.2,430.56
2023-05-28,10.76,38.4,1.46,9.24,206.58,199.3,183.42,302.11
2023-05-29,23.65,83.92,2.26,11.3,325.27,342.75,332.66,446.91
2023-05-30,22.08,47.3,0.75,5.41,404.81,415.21,417.31,462.09
2023-05-31,21.75,45.13,2.97,10.34,382.26,374.86,373.24,389.82
2023-06-01,22.43,27.7,2.96,0.0,375.69,362.35,393.18,406.03
2023-06-02,15.24,50.42,1.47,9.25,333.2,329.34,308.2,372.14
2023-06-03,21.63,40.15,7.46,3.48,273.26,277.6,250.84,416.26
2023-06-04,22.05,84.63,0.27,14.82,380.92,383.32,382.97,476.62
2023-06-05,15.0,75.15,0.03,13.11,299.94,312.47,300.32,450.0
2023-06-06,33.06,49.68,2.94,11.87,481.05,488.95,470.3,520.36
2023-06-07,23.32,93.79,3.29,16.08,384.23,393.93,396.37,550.8
2023-06-08,11.66,74.73,0.26,6.2,315.16,318.43,323.12,356.06
2023-06-09,24.6,55.13,0.62,16.99,313.32,299.42,326.19,393.17
2023-06-10,13.18,22.51,0.04,13.73,344.42,342.47,342.58,327.42
2023-06-11,25.51,94.36,0.69,9.05,335.63,346.23,344.67,570.99
2023-06-12,28.11,39.16,2.97,14.54,417.01,416.49,410.33,574.74
2023-06-13,14.26,35.32,1.46,5.57,361.18,366.22,391.99,353.82
2023-06-14,26.74,75.34,0.86,6.7,306.1,302.91,293.91,497.9
2023-06-15,22.89,96.6,0.93,7.57,463.43,453.13,495.01,576.45
2023-06-16,25.75,80.76,0.0,7.88,352.96,351.73,353.48,505.42
2023-06-17,33.28,68.46,0.71,5.77,396.13,399.22,375.5,514.13
2023-06-18,18.28,68.92,2.08,14.89,313.51,306.95,334.03,453.17
2023-06-19,14.72,72.8,7.31,8.96,371.79,369.43,373.68,506.65
2023-06-20,13.77,71.38,3.76,11.41,368.67,359.27,381.43,442.89
2023-06-21,14.29,64.22,0.05,7.72,236.62,247.81,254.98,339.41
2023-06-22,19.46,61.56,4.58,2.72,470.92,467.97,475.99,498.9
2023-06-23,22.39,59.06,3.06,11.08,427.44,441.97,418.56,526.28
2023-06-24,21.94,48.69,3.03,2.35,326.17,341.46,340.8,369.47
2023-06-25,25.79,55.79,1.22,9.73,283.86,283.05,283.88,419.89
2023-06-26,20.09,34.61,1.02,4.53,370.85,360.77,381.14,434.15
2023-06-27,30.17,58.52,0.72,17.95,355.2,334.34,322.9,540.07
2023-06-28,18.15,45.17,0.14,13.65,371.34,356.62,378.04,449.25
2023-06-29,39.04,43.45,0.52,10.42,361.49,347.76,351.92,498.99
2023-06-30,24.38,62.7,0.57,15.05,380.37,394.16,405.17,496.81
2023-07-01,14.0,80.88,1.32,6.61,436.84,438.0,446.18,510.68
2023-07-02,12.5,73.77,2.75,12.17,384.09,387.98,387.68,507.46
2023-07-03,23.38,36.44,1.28,10.8,287.02,264.82,294.32,317.4
2023-07-04,18.44,45.16,0.12,11.06,431.75,419.77,416.78,393.03
2023-07-05,25.0,74.11,6.33,15.09,448.44,457.31,472.79,632.62
2023-07-06,23.31,45.26,5.72,12.93,539.12,541.99,568.99,552.89
2023-07-07,19.49,56.63,3.08,11.15,282.59,281.12,288.48,389.93
2023-07-08,14.07,68.25,9.5,3.38,364.57,370.22,388.43,437.63
2023-07-09,9.4,45.47,1.57,6.16,225.07,241.43,216.54,264.88
2023-07-10,16.87,61.58,6.58,9.51,383.19,380.98,371.23,438.23
2023-07-11,25.99,39.99,0.16,10.37,317.11,317.8,317.72,463.62
2023-07-12,21.5,50.98,0.91,5.48,465.41,467.33,471.93,465.2
2023-07-13,11.28,64.8,0.51,19.65,303.52,327.44,297.61,399.04
2023-07-14,21.21,36.11,0.44,16.07,248.65,227.66,256.72,371.92
2023-07-15,22.7,66.61,0.3,12.41,321.72,328.56,326.32,476.09
2023-07-16,13.81,59.71,1.95,10.29,231.47,230.32,216.5,379.04
2023-07-17,21.08,68.29,3.04,9.15,395.07,400.73,402.85,523.47
2023-07-18,20.41,63.36,1.73,6.19,226.1,219.52,239.05,355.27
2023-07-19,12.0,80.46,0.32,10.31,351.71,351.22,354.28,421.31
2023-07-20,22.5,61.88,3.33,11.03,225.33,232.45,242.62,431.78
2023-07-21,23.93,53.56,2.02,5.03,330.78,361.91,312.52,407.58
2023-07-22,27.58,61.83,0.98,11.34,448.6,456.68,455.62,527.59
2023-07-23,27.38,68.15,2.24,9.38,371.64,363.16,354.08,517.04
2023-07-24,10.36,60.73,0.6,2.37,298.19,293.95,281.48,357.82
2023-07-25,13.44,60.61,0.85,6.56,348.13,343.59,338.66,335.58
2023-07-26,23.61,49.47,4.99,8.35,351.08,333.12,336.95,478.9
2023-07-27,23.6,50.06,0.69,17.55,378.36,375.06,370.14,458.41
2023-07-28,23.61,38.96,1.27,12.23,267.99,275.32,264.78,398.0
2023-07-29,40.0,86.24,4.42,4.66,385.55,372.81,398.11,637.88
2023-07-30,24.0,41.34,2.46,11.94,187.74,198.22,182.92,400.28
2023-07-31,27.95,49.61,0.13,3.81,312.21,317.08,288.42,448.12
2023-08-01,26.68,49.22,0.32,14.33,320.7,313.36,337.8,478.13
2023-08-02,24.56,73.42,0.02,8.12,388.0,386.58,375.44,531.43
2023-08-03,17.79,55.58,1.99,9.63,351.36,367.34,350.48,429.36
2023-08-04,25.31,78.72,1.19,15.3,265.67,273.0,272.36,473.2
2023-08-05,14.59,49.9,0.29,4.85,290.9,290.99,293.89,361.24
2023-08-06,18.34,64.18,6.34,4.41,361.92,359.54,378.33,486.93
2023-08-07,16.6,47.47,1.51,7.67,345.26,346.02,352.44,376.37
2023-08-08,20.57,92.18,0.55,14.15,315.25,310.13,302.33,503.88
2023-08-09,36.2,42.19,1.39,3.92,321.15,300.1,353.83,447.78
2023-08-10,6.93,64.65,2.28,0.0,391.77,412.19,394.69,352.42
2023-08-11,24.8,69.51,0.16,8.2,318.94,320.49,316.73,487.07
2023-08-12,8.71,66.21,0.64,12.21,344.71,348.7,359.17,391.74
2023-08-13,16.7,57.22,3.29,14.8,480.2,479.62,483.94,570.2
2023-08-14,27.62,58.05,1.23,8.15,264.58,257.23,270.57,372.03
2023-08-15,20.45,60.66,1.58,8.35,238.89,237.03,276.27,364.02
2023-08-16,12.46,57.79,1.13,14.62,397.02,381.02,392.89,430.28
2023-08-17,14.99,74.46,0.09,2.52,309.28,332.05,304.52,420.92
2023-08-18,24.76,93.16,0.36,8.45,330.91,318.56,332.65,515.78
2023-08-19,14.89,51.64,1.18,10.76,303.13,292.81,319.2,380.31
2023-08-20,21.52,39.45,0.47,11.8,334.41,330.01,311.81,359.02
2023-08-21,20.32,58.68,0.1,7.96,445.91,458.79,416.43,431.9
2023-08-22,15.44,98.7,3.71,10.14,398.13,398.27,389.32,543.43
2023-08-23,35.01,47.94,7.95,0.05,401.73,389.37,377.22,494.59
2023-08-24,24.44,84.59,3.15,7.37,265.03,277.57,258.65,455.23
2023-08-25,5.82,85.17,3.85,11.81,280.93,288.24,288.47,421.15
2023-08-26,21.31,51.7,0.55,6.07,179.66,185.04,166.29,292.92
2023-08-27,15.37,68.53,6.47,10.24,301.44,308.59,280.03,495.25
2023-08-28,25.97,84.43,0.44,11.79,407.4,431.35,408.44,577.98
2023-08-29,14.45,54.31,6.05,8.63,381.02,402.87,393.95,398.54
2023-08-30,19.2,56.95,10.53,10.68,336.71,329.84,311.28,466.51
2023-08-31,23.53,51.27,2.49,6.15,348.66,364.9,360.97,364.33
2023-09-01,26.06,44.78,7.94,9.17,308.67,312.5,320.93,441.77
2023-09-02,11.6,50.26,1.69,12.44,362.29,367.28,376.6,413.45
2023-09-03,17.66,41.64,0.6,10.63,395.95,379.03,414.23,393.83
2023-09-04,16.68,60.51,1.15,7.65,253.05,251.34,286.08,376.9
2023-09-05,15.43,48.45,1.8,10.9,367.98,359.85,362.64,359.45
2023-09-06,32.36,63.51,0.15,12.86,405.95,414.23,407.59,555.51
2023-09-07,22.83,36.66,1.95,1.8,325.09,335.8,318.85,354.37
2023-09-08,11.17,64.96,7.95,14.64,392.04,371.3,392.07,489.65
2023-09-09,26.43,72.5,0.42,8.65,518.88,518.66,541.87,563.12
2023-09-10,34.86,30.09,3.15,11.7,343.74,354.96,323.56,428.46
2023-09-11,27.23,65.61,4.77,14.79,373.6,371.73,360.68,502.09
2023-09-12,9.36,78.42,5.75,4.51,305.72,313.01,326.37,445.12
2023-09-13,16.61,41.86,6.44,7.16,360.88,364.39,376.18,432.21
2023-09-14,28.87,85.09,1.47,8.85,377.62,381.03,372.17,573.16
2023-09-15,15.05,66.29,7.57,6.86,361.69,358.98,374.51,479.55
2023-09-16,23.11,49.42,2.83,16.94,288.82,276.65,293.94,436.56
2023-09-17,25.42,59.16,0.35,6.57,362.38,351.17,384.89,397.39
2023-09-18,13.51,68.37,1.3,7.78,437.73,444.83,438.85,448.76
2023-09-19,19.58,61.14,2.53,10.82,376.92,377.11,392.3,460.56
2023-09-20,0.0,68.08,0.57,5.19,407.72,406.33,447.35,418.74
2023-09-21,12.83,46.19,2.05,8.42,335.78,331.54,344.75,386.65
2023-09-22,18.23,62.54,2.2,11.27,394.99,391.94,395.73,511.2
2023-09-23,11.27,38.79,0.36,8.67,366.76,377.23,377.59,364.07
2023-09-24,31.43,58.33,1.67,9.63,292.95,289.59,287.47,441.13
2023-09-25,9.99,46.44,2.95,7.88,369.11,355.7,404.93,378.17
2023-09-26,16.92,48.97,1.38,3.94,290.5,297.93,293.2,357.75
2023-09-27,20.92,78.54,0.02,11.29,312.03,309.98,307.93,423.55
2023-09-28,30.09,76.37,0.02,17.02,361.36,361.67,348.82,523.54
2023-09-29,9.95,69.14,0.88,10.07,367.83,383.91,384.29,403.05
2023-09-30,28.14,43.62,5.21,10.9,278.65,278.44,291.65,489.84
2023-10-01,20.07,55.25,0.52,12.77,413.24,416.13,405.78,397.53
2023-10-02,13.13,78.2,2.01,4.92,384.32,372.53,392.97,481.24
2023-10-03,23.23,62.13,0.5,16.81,307.72,305.52,285.09,420.63
2023-10-04,21.39,94.79,0.78,10.81,257.74,263.84,260.52,422.89
2023-10-05,15.8,65.9,3.77,16.53,341.31,325.75,348.1,496.57
2023-10-06,20.49,62.88,2.61,7.07,323.24,325.25,348.85,453.87
2023-10-07,17.3,55.36,0.2,17.27,356.79,357.8,345.23,466.69
2023-10-08,20.79,62.0,1.12,13.1,328.21,328.63,309.04,464.37
2023-10-09,24.63,57.71,0.06,12.21,229.55,239.92,216.12,452.28
2023-10-10,31.1,70.62,1.31,10.94,326.7,330.04,306.65,520.16
2023-10-11,11.34,74.35,2.17,9.01,331.66,346.44,351.71,410.91
2023-10-12,34.93,48.21,0.25,14.8,388.02,378.08,411.25,521.8
2023-10-13,6.34,40.03,0.68,10.56,308.11,309.47,312.91,340.24
2023-10-14,18.94,32.46,1.01,2.13,450.72,451.57,469.04,376.09
2023-10-15,24.12,67.62,5.04,5.53,235.3,224.61,237.31,410.84
2023-10-16,21.97,43.45,10.0,9.26,428.67,438.23,427.24,509.55
2023-10-17,15.64,27.71,0.09,11.24,336.54,359.79,331.55,273.21
2023-10-18,18.54,65.83,2.86,9.77,401.58,401.41,396.92,481.53
2023-10-19,16.55,97.39,0.93,14.88,354.79,359.84,331.57,450.41
2023-10-20,15.87,59.91,1.0,2.2,418.37,419.22,422.34,424.53
2023-10-21,25.95,72.58,2.81,10.57,326.76,319.62,326.15,518.41
2023-10-22,22.5,61.23,5.01,2.73,284.08,265.88,295.26,410.97
2023-10-23,15.15,58.52,6.03,13.04,435.23,428.17,436.63,548.06
2023-10-24,26.3,73.79,1.72,9.62,343.19,329.27,340.75,449.48
2023-10-25,22.15,55.65,0.88,11.68,363.29,380.33,350.23,481.54
2023-10-26,25.69,64.01,3.1,6.54,424.09,422.93,425.17,533.19
2023-10-27,24.41,64.83,0.58,15.12,288.08,284.62,299.16,394.23
2023-10-28,14.2,49.98,1.66,14.17,385.73,394.62,368.58,500.92
2023-10-29,16.08,74.88,0.89,12.33,314.61,303.39,315.92,429.65
2023-10-30,25.23,57.38,2.14,9.48,342.07,334.4,345.57,431.17
2023-10-31,24.27,48.66,0.55,12.32,354.34,355.02,343.57,395.0
2023-11-01,19.85,68.05,0.43,7.17,259.99,270.27,251.17,383.68
2023-11-02,20.82,46.52,5.01,13.42,303.27,308.29,306.73,425.3
2023-11-03,28.94,60.42,0.21,16.6,431.06,433.55,414.06,535.69
2023-11-04,15.86,59.86,1.41,14.28,403.17,403.95,408.42,445.8
2023-11-05,23.83,76.29,0.5,7.08,346.24,350.24,332.81,489.08
2023-11-06,18.58,67.12,0.08,11.45,364.59,366.6,380.53,432.8
2023-11-07,18.48,59.62,0.07,4.83,332.35,322.05,367.41,334.82
2023-11-08,27.69,72.27,0.39,12.29,431.4,431.86,418.48,534.16
2023-11-09,25.78,80.85,4.03,11.8,337.98,327.24,345.99,456.22
2023-11-10,25.69,68.37,0.66,2.52,363.91,364.72,353.01,470.65
2023-11-11,29.14,60.16,6.01,5.35,418.76,413.96,434.38,510.14
2023-11-12,20.15,40.32,1.74,8.87,303.36,328.75,284.38,378.5
2023-11-13,24.77,44.02,1.15,8.8,443.53,443.13,450.74,508.67
2023-11-14,17.83,55.42,1.74,5.16,258.17,244.13,245.08,329.98
2023-11-15,22.27,50.86,1.45,11.56,447.78,446.44,444.67,515.09
2023-11-16,19.09,57.2,2.84,11.01,327.64,332.83,312.17,416.42
2023-11-17,20.68,60.85,0.66,9.22,335.44,352.17,347.77,478.39
2023-11-18,24.17,67.95,0.87,6.98,236.6,230.7,224.04,391.96
2023-11-19,14.27,58.94,4.49,14.19,322.71,306.89,330.99,403.9
2023-11-20,34.65,67.3,5.85,16.62,287.61,295.78,282.45,568.95
2023-11-21,12.96,60.97,4.46,8.07,313.54,299.74,311.82,390.31
2023-11-22,11.5,30.37,1.09,7.55,341.76,337.4,343.98,295.23
2023-11-23,28.11,45.91,3.03,11.96,407.47,404.89,396.04,481.9
2023-11-24,25.54,57.84,1.29,8.57,362.46,361.76,365.61,459.33
2023-11-25,24.37,41.85,1.38,9.44,368.46,375.35,391.42,469.39
2023-11-26,24.4,69.0,0.46,12.96,284.27,277.43,272.6,386.64
2023-11-27,19.91,82.96,1.79,2.36,297.15,294.42,314.73,436.16
2023-11-28,13.72,78.28,0.41,15.27,457.92,457.78,480.39,521.98
2023-11-29,20.53,56.8,0.81,10.29,305.89,307.38,293.65,412.31
2023-11-30,15.26,82.36,3.86,8.35,449.37,450.35,427.55,560.97
2023-12-01,26.83,62.23,0.46,9.64,335.42,339.78,339.95,456.71
2023-12-02,18.97,54.94,0.15,9.85,350.14,358.58,341.93,405.0
2023-12-03,14.22,50.8,0.14,3.08,414.22,418.15,442.25,407.96
2023-12-04,17.75,55.46,5.65,15.98,426.31,430.85,426.84,508.98
2023-12-05,22.89,54.18,1.41,10.17,343.35,327.53,331.32,424.58
2023-12-06,16.05,62.56,1.05,11.77,326.71,327.21,309.5,427.96
2023-12-07,14.24,62.41,3.33,13.81,346.64,351.44,362.99,417.85
2023-12-08,21.71,60.05,3.61,5.92,370.28,377.57,361.71,442.08
2023-12-09,21.71,66.55,0.81,11.89,403.48,396.55,404.14,469.72
2023-12-10,16.45,77.86,2.37,8.93,350.25,343.66,364.59,499.41
2023-12-11,16.7,74.24,2.95,13.39,387.13,381.39,379.87,392.69
2023-12-12,21.62,37.73,2.13,1.49,448.3,453.67,447.61,441.08
2023-12-13,9.86,21.69,0.33,9.6,372.88,383.22,372.63,311.61
2023-12-14,10.15,74.01,4.17,7.59,368.7,364.62,378.95,388.84
2023-12-15,14.97,39.5,1.55,11.73,258.87,267.94,267.73,340.15
2023-12-16,18.51,56.63,0.66,11.88,192.16,193.39,188.85,357.09
2023-12-17,22.18,42.45,1.11,7.17,373.3,372.06,374.26,430.49
2023-12-18,30.33,32.97,0.08,7.15,344.31,342.2,338.73,332.25
2023-12-19,26.0,68.12,0.27,9.56,319.11,326.58,296.95,497.67
2023-12-20,18.88,71.39,2.9,6.41,364.61,367.87,368.48,439.8
2023-12-21,19.87,51.35,0.0,13.37,346.38,369.13,374.76,435.93
2023-12-22,12.98,21.13,1.08,8.52,417.67,409.14,404.41,372.44
2023-12-23,19.87,51.81,1.48,0.0,355.17,360.35,343.57,366.07
2023-12-24,17.98,65.88,0.11,8.5,305.18,299.89,292.12,420.46
2023-12-25,22.26,37.82,7.23,5.85,409.41,400.72,420.28,455.44
2023-12-26,14.21,62.75,0.51,3.47,336.97,336.86,343.7,317.42
2023-12-27,23.64,59.77,0.73,5.05,381.59,382.97,379.21,484.5
2023-12-28,30.73,68.69,0.72,10.44,321.36,350.54,307.59,465.56
2023-12-29,19.24,61.79,0.52,15.31,311.01,309.17,312.4,399.79
2023-12-30,22.81,45.4,0.0,11.25,355.05,343.75,331.58,404.08
2023-12-31,24.83,77.95,2.61,7.57,350.77,353.5,352.92,507.24
2024-01-01,17.19,57.62,6.81,11.82,378.79,358.04,391.86,478.85
2024-01-02,21.57,59.59,0.51,8.16,333.88,332.96,315.11,438.96
2024-01-03,20.09,46.0,2.18,7.22,239.82,239.98,216.83,311.24
2024-01-04,20.68,53.35,2.71,5.38,324.03,331.98,347.73,387.68
2024-01-05,14.59,46.73,3.77,2.99,397.63,407.37,388.45,400.9
2024-01-06,20.17,57.41,1.1,8.44,332.16,327.12,349.2,472.79
2024-01-07,23.49,85.68,0.72,10.63,335.22,333.71,332.91,490.65
2024-01-08,30.16,39.42,0.79,9.61,409.18,401.52,406.75,501.92
2024-01-09,26.71,35.8,2.49,8.34,307.28,296.0,313.86,404.92
2024-01-10,35.07,82.07,3.39,6.22,257.43,260.53,244.17,499.51
2024-01-11,14.63,56.86,0.4,12.43,340.36,327.63,342.35,390.15
2024-01-12,26.11,49.96,0.93,4.73,320.95,316.8,315.23,407.49
2024-01-13,21.28,75.6,4.64,13.1,292.03,282.07,272.22,498.2
2024-01-14,35.33,50.92,3.29,5.99,339.48,344.97,344.54,533.72
2024-01-15,14.34,87.39,8.38,6.99,379.49,397.5,375.54,535.04
2024-01-16,14.12,70.17,2.81,4.13,349.44,336.43,347.09,456.13
2024-01-17,15.8,52.68,1.0,7.99,368.42,349.89,350.27,371.63
2024-01-18,5.13,92.36,1.79,13.9,458.8,457.56,482.68,483.34
2024-01-19,16.32,50.91,2.16,12.06,329.43,329.58,342.58,379.91
2024-01-20,14.69,71.13,0.16,13.91,366.7,368.89,381.16,451.53
2024-01-21,21.05,64.49,1.57,12.09,319.45,314.98,314.87,432.04
2024-01-22,22.39,79.53,2.47,5.59,299.22,297.21,273.28,479.04
2024-01-23,33.13,83.42,0.37,8.68,314.91,318.58,344.2,490.99
2024-01-24,26.65,60.48,3.03,6.88,321.27,331.68,320.36,461.06
2024-01-25,15.96,48.7,1.75,15.32,371.57,352.02,360.34,443.59
2024-01-26,13.71,66.9,6.08,5.21,490.94,487.26,497.2,450.17
2024-01-27,23.44,49.83,0.09,13.57,307.04,309.18,324.54,475.47
2024-01-28,10.76,90.2,0.62,13.57,325.0,315.82,324.66,433.85
2024-01-29,32.82,62.05,1.84,17.32,346.21,363.52,365.39,467.23
2024-01-30,28.26,54.52,0.7,8.36,373.75,367.39,389.99,472.65
2024-01-31,16.72,62.77,2.51,12.85,365.81,365.4,349.67,451.63
2024-02-01,8.01,39.79,2.85,19.13,427.05,432.61,416.94,410.84
2024-02-02,29.48,45.43,0.22,7.53,204.42,198.5,218.78,394.5
2024-02-03,19.2,78.01,1.44,3.86,206.78,188.32,166.1,400.94
2024-02-04,28.66,50.15,1.42,2.48,320.25,315.96,318.01,431.49
2024-02-05,8.84,44.3,0.92,12.85,415.84,426.13,394.38,400.14
2024-02-06,15.8,68.05,5.4,2.47,256.06,252.69,248.91,390.65
2024-02-07,20.04,77.79,3.51,8.51,169.54,161.08,165.06,447.44
2024-02-08,20.33,70.78,2.39,11.75,384.27,393.53,378.9,445.34
2024-02-09,16.85,74.94,2.51,10.74,364.62,361.31,356.34,472.9
2024-02-10,24.36,48.65,1.24,11.7,284.59,279.49,268.13,408.36
2024-02-11,12.53,38.67,5.08,10.89,290.87,292.36,325.25,383.09
2024-02-12,19.0,82.52,2.37,15.12,291.82,299.52,319.83,444.97
2024-02-13,20.84,55.16,2.61,6.19,356.63,380.45,339.2,380.0
2024-02-14,23.6,56.24,3.96,7.29,312.42,320.69,336.15,444.92
2024-02-15,24.98,79.92,0.64,6.91,379.64,391.24,373.65,508.86
2024-02-16,12.13,68.34,3.29,13.32,178.72,173.66,180.66,397.66
2024-02-17,9.26,66.84,0.43,13.6,298.59,288.33,297.64,335.45
2024-02-18,28.94,92.48,0.85,11.8,282.44,283.06,272.54,547.72
2024-02-19,22.33,50.35,0.82,14.73,334.62,335.69,349.38,501.4
2024-02-20,14.76,73.92,7.68,5.29,317.72,306.93,319.61,446.48
2024-02-21,30.86,60.86,3.88,16.67,397.87,396.12,390.72,517.28
2024-02-22,20.81,64.03,2.42,16.09,238.44,242.43,218.87,406.72
2024-02-23,28.26,82.93,2.6,12.94,352.73,356.33,339.33,543.52
2024-02-24,20.47,67.62,1.65,17.13,383.5,388.54,358.88,510.85
2024-02-25,34.43,68.07,5.88,3.37,461.4,464.31,461.58,578.38
2024-02-26,32.29,76.09,1.37,7.9,321.09,316.02,303.14,555.49
2024-02-27,18.26,54.53,0.96,7.06,369.47,364.33,365.48,380.47
2024-02-28,26.8,47.41,0.36,12.89,241.77,229.78,262.32,339.04
2024-02-29,24.52,44.33,3.09,5.8,206.48,224.33,224.47,389.77
2024-03-01,29.58,30.5,2.65,13.03,400.69,400.82,400.2,401.32
2024-03-02,13.25,90.84,0.97,15.48,349.67,347.42,348.36,470.83
2024-03-03,24.8,43.45,0.05,12.78,420.71,411.42,448.91,553.55
2024-03-04,27.41,56.68,3.65,11.14,267.6,296.95,275.41,446.47
2024-03-05,7.69,55.85,0.02,6.05,381.19,370.46,376.28,325.44
2024-03-06,11.72,64.61,2.43,6.61,462.13,457.84,440.74,456.45
2024-03-07,5.73,72.24,7.03,15.0,375.18,379.34,381.09,460.4
2024-03-08,18.11,72.91,1.15,13.12,366.59,372.6,379.03,473.06
2024-03-09,25.02,51.25,0.54,9.84,350.51,360.09,341.04,456.56
2024-03-10,30.52,57.49,2.44,8.33,255.75,273.82,260.12,408.78
2024-03-11,20.52,64.24,3.4,1.9,431.33,436.4,425.88,530.24
2024-03-12,31.4,56.27,1.58,5.72,313.35,302.79,310.59,463.37
2024-03-13,10.34,84.11,6.82,17.65,380.27,377.7,342.95,539.39
2024-03-14,8.08,67.36,0.11,4.88,256.22,259.3,252.89,299.86
2024-03-15,19.61,71.02,1.41,10.76,279.23,299.91,293.77,461.83
2024-03-16,22.69,69.94,2.53,14.03,436.11,422.13,426.63,526.04
2024-03-17,19.77,77.6,3.97,4.98,329.16,341.19,329.95,473.67
2024-03-18,5.53,62.72,0.4,10.74,437.2,439.0,425.86,379.05
2024-03-19,19.38,40.55,3.22,13.75,345.31,353.68,350.71,387.73
2024-03-20,10.87,66.0,1.61,10.05,239.49,238.47,236.24,369.75
2024-03-21,24.69,50.23,1.01,21.47,403.52,395.1,389.44,484.85
2024-03-22,22.57,52.07,0.28,3.33,314.61,322.12,334.59,360.9
2024-03-23,13.42,68.8,4.01,14.23,391.92,398.47,405.86,456.14
2024-03-24,16.4,78.57,0.34,9.31,351.51,361.23,342.44,466.55
2024-03-25,12.59,60.32,0.74,13.09,257.41,257.28,264.88,338.6
2024-03-26,19.56,64.63,0.69,11.77,359.86,353.86,367.92,444.25
2024-03-27,26.69,85.53,4.1,7.07,481.77,466.19,491.41,599.85
2024-03-28,13.1,63.61,2.23,10.92,379.58,387.77,354.17,375.61
2024-03-29,23.53,99.03,3.19,2.57,346.55,350.79,361.65,478.03
2024-03-30,16.29,68.48,0.58,12.41,414.52,404.86,405.98,477.61
2024-03-31,14.45,33.59,1.96,11.19,362.64,357.25,357.27,347.9
2024-04-01,19.25,71.3,1.7,12.55,362.57,357.9,402.14,503.07
2024-04-02,12.75,65.72,3.58,14.23,284.5,269.67,289.03,437.77
2024-04-03,16.12,79.35,4.73,11.47,364.03,355.85,358.24,515.16
2024-04-04,11.61,70.1,0.02,10.59,412.13,400.79,379.05,490.9
2024-04-05,33.75,57.92,2.24,6.48,299.84,295.71,320.68,469.4
2024-04-06,20.25,41.64,0.11,7.15,435.47,428.08,415.29,444.01
2024-04-07,15.1,56.86,1.59,14.75,344.5,328.23,329.45,400.93
2024-04-08,21.5,47.24,0.68,15.75,296.73,316.96,291.76,476.57
2024-04-09,19.21,51.29,0.73,9.05,409.86,422.38,431.1,496.1
2024-04-10,18.45,68.83,0.87,10.18,332.79,325.0,344.39,434.19
2024-04-11,24.3,85.05,1.94,6.38,395.57,398.3,393.2,535.66
2024-04-12,25.3,65.92,0.81,14.69,332.49,336.67,337.12,515.96
2024-04-13,16.29,42.06,2.64,12.66,346.41,358.32,337.4,393.44
2024-04-14,15.97,66.67,1.04,17.76,379.61,371.43,381.71,444.88
2024-04-15,18.07,77.95,0.14,6.49,367.45,378.37,368.55,476.81
2024-04-16,3.89,50.85,3.06,8.49,230.27,224.79,244.8,288.59
2024-04-17,9.39,57.99,0.67,10.93,282.73,269.37,297.23,347.96
2024-04-18,29.57,60.22,1.13,12.59,405.76,413.01,413.17,492.97
2024-04-19,31.51,48.23,2.31,9.14,342.07,354.98,336.64,419.45
2024-04-20,18.26,69.72,0.81,6.51,318.58,344.46,329.7,423.1
2024-04-21,24.04,58.19,0.12,13.53,268.49,256.49,267.11,439.45
2024-04-22,22.18,66.29,0.94,12.88,285.22,292.21,268.99,425.46
2024-04-23,40.0,46.69,5.78,6.33,228.69,224.59,222.64,516.07
2024-04-24,27.84,53.44,2.05,15.42,343.92,351.76,345.19,459.59
2024-04-25,19.1,70.84,2.23,14.68,314.09,299.39,327.75,424.45
2024-04-26,13.31,54.41,2.0,10.54,292.0,279.38,289.25,366.98
2024-04-27,8.75,85.9,0.44,10.32,345.91,338.15,327.77,420.57
2024-04-28,21.42,54.01,1.08,12.22,371.84,372.63,372.69,469.47
2024-04-29,14.71,63.37,2.78,6.55,475.59,469.18,477.29,456.72
2024-04-30,10.04,73.99,0.21,10.12,259.29,265.88,262.07,400.96
2024-05-01,15.47,38.72,0.65,1.39,419.56,429.83,433.36,432.99
2024-05-02,12.43,33.59,0.65,13.51,408.39,414.38,423.67,378.03
2024-05-03,31.81,37.12,1.13,3.75,303.25,319.44,294.34,442.71
2024-05-04,26.17,78.94,7.86,16.01,362.19,366.35,352.95,549.07
2024-05-05,19.94,51.72,0.14,8.68,322.54,310.37,306.94,423.85
2024-05-06,30.36,98.37,1.46,9.15,361.14,374.78,371.62,599.69
2024-05-07,20.54,51.54,0.4,7.49,440.55,434.5,462.28,477.59
2024-05-08,13.97,62.77,7.06,8.85,386.34,395.44,381.61,471.11
2024-05-09,30.66,83.13,0.24,15.67,380.52,396.25,376.9,470.15
2024-05-10,23.77,90.09,1.03,0.05,324.18,328.75,346.18,450.3
2024-05-11,12.74,90.92,2.68,15.11,260.96,246.0,268.54,423.99
2024-05-12,18.67,78.13,2.44,11.35,337.49,328.31,344.04,442.55
2024-05-13,13.87,75.36,1.1,5.17,422.4,435.62,404.53,459.25
2024-05-14,10.32,68.89,0.85,5.7,258.37,256.68,268.55,329.9
2024-05-15,26.48,71.68,1.01,16.71,286.69,287.49,272.76,452.6
2024-05-16,33.37,51.73,0.61,6.22,357.58,365.16,340.57,440.88
2024-05-17,10.21,47.73,0.46,5.39,290.92,297.88,285.72,290.34
2024-05-18,23.94,59.95,1.32,14.55,302.45,305.24,293.66,478.68
2024-05-19,15.45,57.45,0.63,11.35,324.58,322.5,321.26,373.65
2024-05-20,16.59,53.2,0.68,6.25,268.06,264.94,246.45,332.1
2024-05-21,15.85,70.45,2.14,10.87,291.55,300.13,305.93,401.94
2024-05-22,13.95,74.33,6.92,5.9,392.21,397.74,409.12,497.73
2024-05-23,20.34,61.33,1.85,14.4,271.56,268.98,242.35,431.83
2024-05-24,14.18,82.16,0.16,14.25,254.13,264.95,268.8,314.98
2024-05-25,21.89,42.87,0.16,12.13,312.2,310.91,300.04,419.61
2024-05-26,19.65,57.1,6.05,11.45,393.92,385.4,406.77,535.22
2024-05-27,18.33,49.25,0.71,17.04,338.18,330.59,337.16,384.5
2024-05-28,13.65,32.0,0.19,10.0,322.13,312.34,322.56,295.67
2024-05-29,15.96,58.76,1.83,5.27,352.66,349.94,349.89,390.6
2024-05-30,25.29,58.17,1.95,11.8,245.26,257.59,263.44,393.76
2024-05-31,23.51,82.7,2.09,18.34,379.68,371.63,361.09,551.26
2024-06-01,13.16,69.46,0.62,5.94,373.01,374.89,382.12,355.62
2024-06-02,20.7,44.64,0.03,8.55,325.44,318.87,341.96,347.84
2024-06-03,25.26,87.81,6.71,11.67,410.36,407.75,421.1,641.92
2024-06-04,8.31,78.32,0.58,9.78,282.35,267.25,317.22,345.51
2024-06-05,23.8,68.73,2.25,6.07,417.67,415.47,409.74,538.87
2024-06-06,15.36,56.6,2.45,14.49,359.27,357.33,373.63,443.39
2024-06-07,23.99,45.61,1.88,19.28,329.81,335.21,328.22,394.72
2024-06-08,14.66,54.42,0.75,10.78,348.81,351.04,367.31,413.94
2024-06-09,7.37,76.33,0.63,6.38,343.56,331.58,343.45,381.95
2024-06-10,8.61,88.27,1.82,3.8,423.22,434.06,417.4,443.5
2024-06-11,20.34,83.15,4.02,11.03,285.4,287.5,304.99,483.29
2024-06-12,21.82,52.67,5.86,14.42,304.25,306.23,296.88,470.95
2024-06-13,13.67,43.21,0.22,11.9,412.18,412.09,390.99,419.57
2024-06-14,24.47,62.11,0.34,9.99,314.27,309.09,306.52,471.72
2024-06-15,8.37,33.47,5.79,7.64,404.03,406.21,413.32,392.31
2024-06-16,19.54,64.85,2.67,5.63,451.97,456.72,472.85,450.33
2024-06-17,11.52,57.79,4.29,13.34,325.89,308.42,327.56,396.27
2024-06-18,15.44,53.01,0.45,13.66,390.88,385.49,410.65,511.53
2024-06-19,20.33,36.08,1.77,3.82,280.78,278.23,260.41,361.56
2024-06-20,13.98,67.7,2.42,16.36,395.28,397.85,388.64,542.42
2024-06-21,17.31,52.01,2.28,12.3,361.97,373.9,357.64,468.53
2024-06-22,27.04,42.45,1.05,15.6,378.38,370.66,376.66,471.76
2024-06-23,15.96,20.0,0.03,4.63,311.27,306.29,312.53,298.63
2024-06-24,25.85,59.59,1.75,4.54,250.33,245.21,260.7,400.1
2024-06-25,12.09,86.58,0.58,9.4,380.2,372.18,373.52,404.47
2024-06-26,23.71,84.92,1.2,12.01,226.2,222.72,228.28,447.63
2024-06-27,30.09,53.14,6.32,17.19,330.96,338.67,330.28,560.66
2024-06-28,2.7,50.97,1.02,12.82,406.47,395.93,392.58,347.29
2024-06-29,14.42,67.03,3.66,9.03,361.51,365.79,359.81,455.68
2024-06-30,24.04,45.02,0.42,5.89,466.9,449.88,464.75,490.27
2024-07-01,18.58,64.53,2.23,14.92,411.51,405.89,409.03,463.03
2024-07-02,22.6,71.49,7.55,6.14,310.77,307.47,311.24,476.6
2024-07-03,15.77,78.4,0.21,16.51,351.64,368.39,352.77,432.21
2024-07-04,20.61,58.5,0.02,8.86,347.16,344.41,340.67,395.66
2024-07-05,18.91,56.94,1.14,16.36,255.07,233.06,274.16,355.53
2024-07-06,28.17,46.83,0.19,12.72,293.58,273.59,276.03,394.01
2024-07-07,21.78,47.6,2.76,9.45,316.35,316.69,305.54,455.29
2024-07-08,22.36,56.6,4.92,7.92,227.83,233.96,269.53,374.59
2024-07-09,17.12,65.51,1.14,8.64,352.85,356.6,337.28,431.84
2024-07-10,16.59,73.7,0.6,11.71,335.06,336.73,314.75,422.71
2024-07-11,16.97,47.95,1.14,10.31,249.63,261.25,260.64,380.99
2024-07-12,22.76,82.39,2.57,7.62,374.25,368.86,343.1,548.49
2024-07-13,17.05,55.93,0.02,9.34,392.95,401.9,389.42,447.69
2024-07-14,22.03,59.68,1.78,10.31,363.62,347.3,395.81,465.68
2024-07-15,34.53,48.79,1.9,1.49,330.56,321.51,307.38,448.23
2024-07-16,26.1,23.64,2.03,11.83,385.49,367.42,355.76,386.49
2024-07-17,17.72,73.26,0.55,6.08,390.81,388.06,368.33,511.5
2024-07-18,28.41,71.05,2.5,5.39,368.44,367.98,381.92,481.77
2024-07-19,17.14,55.78,0.19,3.25,300.52,301.66,317.39,378.73
2024-07-20,5.73,61.0,0.44,2.82,366.6,367.21,358.91,377.79
2024-07-21,12.94,67.74,4.2,4.58,421.73,412.45,431.98,441.73
2024-07-22,6.9,36.56,2.68,7.16,314.2,312.3,335.06,338.85
2024-07-23,17.54,52.06,0.03,17.81,475.88,460.9,502.69,506.35
2024-07-24,20.13,71.91,0.57,7.9,318.46,332.09,314.77,483.8
2024-07-25,31.74,41.19,0.48,10.71,351.94,348.91,317.42,438.93
2024-07-26,22.29,64.4,0.63,11.6,309.65,304.76,297.34,396.36
2024-07-27,18.47,39.65,0.57,10.52,363.4,379.29,356.99,374.29
2024-07-28,25.81,67.0,0.13,9.69,245.47,233.04,241.58,422.12
2024-07-29,4.52,59.47,1.23,5.22,317.24,305.98,314.42,327.39
2024-07-30,21.65,35.77,2.64,15.8,284.47,273.51,301.26,378.75
2024-07-31,25.4,77.47,1.87,17.23,358.12,357.44,377.24,470.33
2024-08-01,9.65,48.98,2.23,3.27,409.67,413.98,407.09,392.85
2024-08-02,28.01,47.85,0.17,5.9,388.76,396.16,405.24,508.34
2024-08-03,22.37,63.01,6.05,8.88,207.7,233.42,213.07,430.7
2024-08-04,17.09,77.23,3.65,6.14,472.52,450.03,473.49,542.06
2024-08-05,24.43,44.76,3.27,12.02,367.72,373.8,381.31,474.94
2024-08-06,35.89,60.93,3.46,7.09,303.41,297.84,304.49,513.91
2024-08-07,21.27,66.43,5.4,18.66,359.43,353.56,390.29,546.05
2024-08-08,21.74,70.4,1.57,14.76,360.57,354.37,339.0,498.49
2024-08-09,16.78,62.65,0.45,10.85,309.99,300.9,302.26,390.96
2024-08-10,14.05,54.49,1.92,14.11,361.88,378.72,359.98,393.97
2024-08-11,25.81,47.59,2.72,14.42,313.55,321.97,320.14,438.54
2024-08-12,14.01,61.29,2.68,7.74,325.74,325.97,344.76,409.57
2024-08-13,20.5,43.92,1.47,6.74,308.82,322.33,308.46,367.27
2024-08-14,16.66,20.0,0.14,10.31,264.04,248.91,242.71,296.8
2024-08-15,23.35,66.55,0.93,13.45,358.75,345.44,371.39,490.17
2024-08-16,22.34,73.56,5.07,10.56,385.12,363.34,396.44,548.59
2024-08-17,27.26,24.56,1.76,3.69,380.89,373.9,351.77,439.48
2024-08-18,16.43,44.85,1.55,6.79,399.2,400.81,399.14,406.53
2024-08-19,18.11,69.29,0.63,9.7,369.46,370.49,345.61,408.75
2024-08-20,13.15,90.86,0.92,9.7,318.04,319.53,308.07,432.58
2024-08-21,16.89,60.31,4.51,17.89,400.38,386.27,386.84,496.37
2024-08-22,22.64,49.08,2.2,4.46,268.55,276.58,280.69,321.5
2024-08-23,25.3,57.26,3.1,12.02,295.96,298.36,297.71,491.49
2024-08-24,13.54,80.62,1.21,15.96,292.15,299.48,272.86,436.88
2024-08-25,26.09,50.31,1.99,19.09,414.8,395.88,428.0,523.08
2024-08-26,29.49,48.01,0.57,8.38,406.57,409.68,385.06,517.44
2024-08-27,22.89,52.76,2.44,11.97,379.24,367.36,384.19,446.16
2024-08-28,33.14,45.7,1.12,12.28,414.32,410.34,402.11,527.23
2024-08-29,14.58,61.84,1.17,10.78,297.24,302.59,291.76,383.62
2024-08-30,11.29,84.37,2.1,9.6,370.92,371.83,378.48,450.69
2024-08-31,7.55,64.85,5.51,11.74,342.49,333.97,350.31,394.8
2024-09-01,30.47,56.21,0.13,0.0,400.81,400.88,420.87,516.22
2024-09-02,24.58,55.62,3.48,12.73,343.09,327.77,341.85,460.48
2024-09-03,19.61,36.55,0.69,10.5,326.9,338.41,331.5,392.64
2024-09-04,21.96,73.25,1.17,9.11,382.45,380.4,375.89,427.99
2024-09-05,12.12,58.83,0.04,18.19,402.57,413.76,405.3,469.87
2024-09-06,37.12,57.29,0.72,7.3,309.9,304.63,316.49,514.33
2024-09-07,20.9,100.0,1.4,8.39,346.34,341.1,344.86,516.95
2024-09-08,20.77,64.48,0.12,17.97,286.49,278.85,259.44,424.05
2024-09-09,25.08,48.72,1.35,6.67,200.12,208.88,205.09,365.73
2024-09-10,23.37,53.6,5.24,7.8,362.03,354.93,367.5,539.02
2024-09-11,21.57,77.23,0.22,9.41,386.53,392.98,376.33,432.68
2024-09-12,14.47,61.7,2.89,13.36,365.72,361.9,346.46,465.28
2024-09-13,23.3,38.43,1.05,10.83,233.03,213.27,255.16,323.44
2024-09-14,33.17,73.79,2.13,4.83,328.95,323.25,336.32,508.85
2024-09-15,29.42,49.98,0.6,7.87,216.9,205.11,213.46,376.5
2024-09-16,31.15,88.1,0.35,7.57,432.18,432.52,415.13,560.69
2024-09-17,16.42,76.2,0.35,9.69,284.84,272.93,272.51,408.49
2024-09-18,13.07,53.29,0.15,11.7,425.32,434.58,444.86,386.86
2024-09-19,19.12,79.22,0.41,11.67,406.75,405.84,408.82,526.58
2024-09-20,20.39,61.02,2.18,2.9,295.96,294.19,287.71,344.29
2024-09-21,27.66,72.79,4.27,14.26,282.03,288.59,289.68,518.01
2024-09-22,8.15,67.27,3.37,11.01,371.02,380.66,358.81,410.97
2024-09-23,30.71,47.3,2.31,15.54,299.34,299.14,321.85,427.79
2024-09-24,18.89,50.35,0.23,11.78,356.15,348.44,376.44,416.51
2024-09-25,17.01,75.45,0.68,14.41,321.03,303.29,314.03,398.44
2024-09-26,12.92,54.98,0.74,11.87,243.13,236.27,233.7,338.82
2024-09-27,8.42,53.95,0.58,15.38,216.17,210.0,176.9,266.13
2024-09-28,25.76,45.67,1.45,12.09,363.6,364.67,341.38,463.64
2024-09-29,20.51,66.35,1.53,9.61,316.31,312.86,296.21,406.79
2024-09-30,10.97,90.94,0.88,19.09,316.81,323.69,318.84,445.94
2024-10-01,10.93,43.99,0.87,13.56,391.75,385.62,386.86,395.0
2024-10-02,17.65,60.36,3.53,12.29,420.41,419.84,400.23,461.1
2024-10-03,31.68,81.18,3.11,4.89,333.65,345.49,329.43,525.47
2024-10-04,18.18,58.81,0.74,4.85,329.56,332.98,337.14,348.32
2024-10-05,9.48,66.79,4.9,11.17,380.01,379.41,387.93,462.62
2024-10-06,18.28,44.06,6.11,10.58,268.58,262.56,240.09,447.37
2024-10-07,18.09,66.42,0.79,7.54,363.39,357.06,361.47,517.73
2024-10-08,1.12,57.19,0.88,10.56,383.11,374.61,362.36,352.98
2024-10-09,19.62,74.79,1.41,16.35,390.81,385.4,404.34,527.06
2024-10-10,18.38,77.81,5.66,12.78,233.79,241.35,245.56,394.68
2024-10-11,24.87,98.84,4.18,5.44,304.32,302.1,290.85,569.04
2024-10-12,32.94,68.69,0.22,9.55,297.3,283.81,285.81,504.43
2024-10-13,27.89,64.89,1.0,6.78,355.99,373.67,349.07,461.0
2024-10-14,18.12,62.92,1.61,8.45,378.84,382.04,345.05,481.2
2024-10-15,12.25,54.7,1.4,8.35,439.8,425.73,444.84,419.17
2024-10-16,38.01,65.08,0.43,8.09,320.3,315.88,316.21,494.35
2024-10-17,20.41,55.57,3.92,4.98,320.15,321.25,334.7,433.8
2024-10-18,20.1,62.53,2.26,9.49,418.98,436.03,402.5,449.68
2024-10-19,19.83,79.76,3.64,7.76,367.79,356.71,358.51,525.62
2024-10-20,21.39,44.9,3.91,0.0,426.06,435.82,403.46,409.4
2024-10-21,18.99,77.1,2.76,18.21,367.32,381.32,352.26,478.02
2024-10-22,15.98,79.76,1.16,14.36,280.57,274.29,262.84,404.75
2024-10-23,16.17,58.23,1.89,8.49,270.01,267.24,284.95,395.68
2024-10-24,19.77,28.17,0.35,10.08,256.91,246.55,246.44,298.17
2024-10-25,16.2,50.88,2.24,5.31,389.72,387.69,391.59,371.02
2024-10-26,15.01,79.45,0.4,16.78,421.32,420.95,415.6,479.96
2024-10-27,20.75,59.66,2.37,17.59,460.96,467.56,441.92,524.27
2024-10-28,18.22,45.01,0.52,10.63,400.59,411.49,398.06,382.01
2024-10-29,30.53,52.43,0.25,14.09,419.77,412.29,428.76,477.11
2024-10-30,1.44,72.61,0.36,10.7,315.2,295.53,297.08,408.37
2024-10-31,27.64,68.2,0.0,4.65,280.62,280.4,292.75,403.09
2024-11-01,28.72,56.42,2.54,8.35,401.0,403.94,388.26,492.61
2024-11-02,5.49,54.5,2.64,10.53,375.06,377.56,367.82,365.62
2024-11-03,17.6,54.12,1.45,8.18,356.45,353.18,364.41,397.96
2024-11-04,17.4,46.16,0.35,9.13,373.24,374.49,363.29,414.78
2024-11-05,10.15,84.23,0.17,9.63,369.39,384.55,369.95,462.64
2024-11-06,14.56,55.17,0.04,9.68,427.03,430.85,422.31,416.78
2024-11-07,12.23,78.26,0.36,10.21,427.7,423.97,429.64,427.93
2024-11-08,32.27,82.82,4.43,5.76,382.65,377.65,346.94,609.24
2024-11-09,26.55,74.97,0.55,7.13,400.75,399.05,373.3,506.03
2024-11-10,28.9,53.53,0.87,4.86,380.84,397.21,390.08,515.47
2024-11-11,25.05,66.06,0.22,13.91,322.33,320.5,337.89,394.68
2024-11-12,12.1,59.64,0.5,1.58,395.39,395.2,381.74,392.07
2024-11-13,16.33,46.44,1.46,14.61,266.33,261.51,262.67,420.81
2024-11-14,23.43,64.87,1.87,15.55,413.23,424.22,417.65,504.49
2024-11-15,11.45,42.31,0.56,8.79,278.33,297.93,288.73,305.13
2024-11-16,24.99,77.82,0.12,0.0,367.15,371.65,336.73,473.98
2024-11-17,18.32,53.03,0.99,8.55,299.29,300.12,286.0,364.13
2024-11-18,17.38,63.02,0.53,9.74,383.2,383.57,378.21,428.65
2024-11-19,24.98,64.25,0.5,5.96,347.96,324.12,358.51,439.07
2024-11-20,23.11,56.12,6.43,7.94,254.31,261.77,291.79,411.38
2024-11-21,17.47,68.8,1.92,16.12,375.24,376.58,371.82,513.14
2024-11-22,28.12,52.88,1.63,12.66,315.32,319.61,294.22,468.83
2024-11-23,12.43,73.07,1.07,6.3,402.87,395.75,408.9,444.76
2024-11-24,24.31,39.81,1.12,3.61,350.08,346.23,369.89,420.27
2024-11-25,24.15,61.9,1.56,8.69,373.73,369.62,375.35,462.01
2024-11-26,17.83,89.08,2.38,9.15,292.55,302.76,278.95,436.89
2024-11-27,22.28,45.0,2.42,11.98,314.64,310.85,329.01,395.98
2024-11-28,11.24,49.83,0.38,7.86,322.48,343.31,332.43,343.76
2024-11-29,26.47,67.71,1.39,12.05,401.4,405.71,386.01,483.91
2024-11-30,18.71,62.69,1.06,17.74,450.64,437.89,456.36,490.95
2024-12-01,16.34,65.26,4.09,13.26,301.69,300.4,316.65,420.08
2024-12-02,27.34,67.34,2.0,9.81,414.61,408.09,432.34,587.83
2024-12-03,15.07,69.52,1.52,9.27,219.82,197.88,218.82,281.05
2024-12-04,10.14,76.65,0.25,8.57,278.35,294.34,272.98,365.46
2024-12-05,9.1,66.15,1.86,14.72,292.47,299.5,310.88,434.88
2024-12-06,24.24,56.38,0.25,7.49,268.85,274.18,250.7,396.52
2024-12-07,11.04,70.09,0.82,10.18,254.98,256.64,261.56,382.58
2024-12-08,32.28,88.5,0.31,10.2,374.78,360.96,354.23,561.88
2024-12-09,5.43,58.01,2.36,7.99,337.16,332.32,353.14,334.54
2024-12-10,31.88,45.38,0.46,4.51,372.76,381.18,368.89,386.49
2024-12-11,21.48,76.61,0.99,11.29,391.43,380.92,410.46,504.31
2024-12-12,19.32,58.19,4.52,9.76,365.94,340.62,373.31,438.14
2024-12-13,16.19,27.41,0.46,12.0,389.47,387.19,371.12,346.13
2024-12-14,22.79,72.71,1.42,7.87,345.83,344.41,367.2,452.28
2024-12-15,19.74,51.97,1.09,14.88,278.78,280.14,302.05,447.7
2024-12-16,27.72,58.64,0.04,6.49,413.47,420.75,426.7,554.55
2024-12-17,20.8,64.98,3.15,16.85,314.65,321.03,303.23,473.53
2024-12-18,21.05,62.86,0.14,3.01,293.86,296.45,289.27,374.14
2024-12-19,17.45,70.64,1.29,11.74,339.32,351.28,341.51,408.41
2024-12-20,19.6,53.47,1.65,11.9,295.23,280.04,284.68,415.48
2024-12-21,22.15,67.7,1.98,6.82,324.95,330.0,350.34,498.42
2024-12-22,8.03,56.11,2.33,11.7,370.64,376.91,372.81,384.02
2024-12-23,10.56,71.08,0.58,15.12,370.9,358.5,330.35,359.09
2024-12-24,25.2,69.23,0.02,1.13,296.13,281.1,301.22,436.2
2024-12-25,21.2,45.97,2.57,12.01,320.74,313.28,315.52,444.45
2024-12-26,18.71,76.29,1.53,0.03,414.46,407.84,413.34,418.15
2024-12-27,20.13,51.96,3.62,6.14,379.78,387.32,374.25,447.1
2024-12-28,22.43,72.12,3.45,16.52,474.5,468.36,486.61,584.31
2024-12-29,16.22,65.51,3.71,7.67,420.81,412.24,437.6,473.01
2024-12-30,14.55,87.57,1.33,5.3,418.66,412.54,422.9,460.04
2024-12-31,21.37,56.65,0.81,9.21,266.73,277.91,261.64,418.11
2025-01-01,13.15,54.76,3.14,18.27,395.83,395.96,395.21,441.0
2025-01-02,22.86,59.71,1.2,2.67,346.81,345.02,347.11,380.18
2025-01-03,8.08,55.45,0.41,5.79,316.94,315.84,304.9,268.93
2025-01-04,27.2,72.0,3.86,15.99,360.08,373.0,368.76,576.75
2025-01-05,23.31,35.76,4.28,17.43,406.71,399.22,413.61,496.47
2025-01-06,21.79,44.19,1.26,9.59,380.05,393.2,403.16,428.82
2025-01-07,26.88,43.98,0.16,5.04,297.29,299.4,316.12,374.19
2025-01-08,31.66,74.25,0.98,18.38,394.55,392.94,384.26,551.21
2025-01-09,27.1,85.66,3.25,16.38,311.74,336.75,324.05,505.59
2025-01-10,7.11,58.43,4.64,12.72,363.0,352.44,348.74,396.27
2025-01-11,11.04,57.47,0.45,6.75,331.8,328.26,342.24,296.34
2025-01-12,15.63,61.05,0.14,9.8,336.87,324.54,329.12,377.11
2025-01-13,20.18,77.43,4.2,9.36,395.97,405.5,380.63,506.08
2025-01-14,23.62,46.09,0.99,11.32,287.59,304.48,291.79,414.25
2025-01-15,14.92,63.58,1.56,15.8,466.71,483.41,426.59,493.81
2025-01-16,21.31,74.63,6.89,13.52,240.73,252.97,214.47,495.67
2025-01-17,14.71,67.52,0.14,5.69,314.14,312.16,311.48,424.31
2025-01-18,15.72,62.84,2.09,15.51,372.21,368.56,373.45,485.37
2025-01-19,10.15,75.02,0.15,11.25,385.06,368.35,379.52,442.43
2025-01-20,13.54,20.0,0.94,12.75,343.97,364.33,320.28,325.81
2025-01-21,10.54,70.17,3.26,15.87,346.56,351.25,334.29,410.54
2025-01-22,13.17,50.19,1.14,5.55,374.63,369.71,380.5,401.49
2025-01-23,27.38,32.54,11.74,9.86,336.14,349.42,344.86,543.94
2025-01-24,13.35,67.67,1.64,7.87,433.59,423.86,433.35,465.89
2025-01-25,38.43,80.6,0.77,3.73,400.36,404.43,417.71,628.43
2025-01-26,23.45,57.94,0.5,11.39,402.37,400.64,408.33,426.7
2025-01-27,21.29,74.29,0.86,20.05,292.03,298.42,280.82,433.49
2025-01-28,13.99,84.18,0.93,2.64,345.24,344.6,341.03,451.98
2025-01-29,24.9,79.72,0.14,9.87,331.97,317.46,310.93,488.62
2025-01-30,15.97,84.6,0.92,12.56,289.66,290.42,288.04,478.37
2025-01-31,20.85,71.13,1.25,10.49,371.61,382.1,388.29,473.34
2025-02-01,37.92,61.13,2.57,9.55,317.74,317.45,328.02,493.86
2025-02-02,19.33,35.97,2.14,4.8,389.32,397.08,410.35,388.35
2025-02-03,28.04,56.31,2.47,10.93,285.79,275.33,281.25,402.29
2025-02-04,15.08,47.35,0.02,6.97,453.14,452.88,473.33,383.86
2025-02-05,19.76,92.56,0.49,1.24,296.22,289.97,293.32,468.84
2025-02-06,32.4,57.36,2.17,14.78,363.16,370.63,385.23,546.14
2025-02-07,15.61,61.85,1.32,13.83,397.51,397.83,397.18,463.48
2025-02-08,32.69,68.27,0.01,10.21,315.76,322.66,326.37,436.93
2025-02-09,24.95,60.65,3.26,10.92,401.15,412.03,423.27,494.76
2025-02-10,16.06,85.43,2.96,14.3,276.25,283.17,273.35,419.14
2025-02-11,24.43,50.66,1.59,10.9,437.13,439.86,440.4,522.73
2025-02-12,26.81,62.92,0.14,13.62,350.85,340.87,370.18,459.74
2025-02-13,24.35,48.86,2.91,8.81,314.22,314.19,312.22,393.73
2025-02-14,9.01,40.2,1.75,15.25,332.05,326.72,312.24,352.13
2025-02-15,14.91,50.82,3.05,11.28,398.54,395.09,430.68,414.48
2025-02-16,18.27,59.44,2.79,10.78,314.93,311.19,307.89,466.83
2025-02-17,19.48,53.56,3.25,4.92,305.04,295.24,307.42,375.74
2025-02-18,24.34,49.61,1.46,11.15,336.71,317.13,354.05,392.45
2025-02-19,21.24,38.91,0.3,6.67,279.38,272.7,270.25,281.57
2025-02-20,10.65,58.75,2.22,7.45,459.23,461.17,444.11,439.6
2025-02-21,22.66,37.43,1.94,6.74,316.02,302.53,319.82,365.03
2025-02-22,24.27,71.4,2.71,5.74,399.9,400.05,373.0,460.15
2025-02-23,23.92,61.24,0.37,18.5,362.57,381.57,358.25,517.5
2025-02-24,27.57,38.14,0.43,15.33,290.93,301.16,294.6,429.03
2025-02-25,25.84,55.36,4.42,17.68,349.64,366.08,345.59,502.31
2025-02-26,23.21,48.72,2.77,5.11,397.04,400.95,373.89,490.46
2025-02-27,19.51,64.79,4.78,10.29,338.7,350.38,362.62,485.42
2025-02-28,8.37,80.11,2.84,4.83,421.59,414.35,423.14,425.41
2025-03-01,23.01,31.87,1.82,7.22,411.29,404.85,432.76,389.45
2025-03-02,21.45,61.73,2.12,6.33,405.13,377.74,401.23,493.8
2025-03-03,21.9,57.6,4.4,14.96,322.42,334.28,309.22,477.87
2025-03-04,11.06,70.07,1.73,8.42,285.21,300.61,289.25,382.23
2025-03-05,12.43,63.2,2.0,14.27,313.18,307.65,309.95,378.59
2025-03-06,27.37,48.72,0.34,12.42,361.77,359.23,344.11,473.4
2025-03-07,19.72,55.21,1.28,19.21,382.75,375.21,404.79,445.67
2025-03-08,24.77,48.06,2.52,4.08,219.71,223.53,210.37,359.17
2025-03-09,20.2,76.14,0.63,15.04,349.51,360.76,321.91,521.6
2025-03-10,20.21,60.32,0.45,14.59,359.49,342.06,379.41,428.97
2025-03-11,26.57,88.52,0.75,6.11,333.35,337.44,325.78,453.71
2025-03-12,16.39,59.09,0.55,14.03,427.48,424.71,418.36,428.79
2025-03-13,20.67,49.37,0.48,11.34,375.31,376.44,348.83,457.5
2025-03-14,16.76,37.29,1.11,9.09,428.61,433.2,454.73,416.48
2025-03-15,16.96,32.95,4.77,6.7,337.04,335.16,317.7,373.61
2025-03-16,17.84,36.24,1.41,7.12,406.25,405.21,407.13,382.19
2025-03-17,21.55,64.01,0.42,18.2,448.1,445.97,461.79,532.33
2025-03-18,16.65,67.63,0.16,10.0,428.7,438.4,435.03,438.67
2025-03-19,28.79,36.28,2.38,13.13,284.47,288.66,283.58,426.37
2025-03-20,13.74,73.43,0.97,6.84,334.78,336.99,309.25,389.22
2025-03-21,18.69,52.75,3.45,6.88,329.29,316.58,317.14,384.93
2025-03-22,16.92,62.2,2.15,14.33,379.36,375.57,382.17,439.79
2025-03-23,30.13,84.18,3.18,4.6,391.18,400.17,379.37,542.6
2025-03-24,21.38,73.45,0.63,8.34,299.67,300.04,302.72,432.25
2025-03-25,27.22,55.97,2.36,10.14,354.07,360.67,364.3,481.43
2025-03-26,9.6,46.63,0.61,10.45,228.8,246.47,243.24,200.0
2025-03-27,21.87,27.72,5.6,9.28,436.52,446.9,418.12,431.44
2025-03-28,26.23,49.21,2.02,11.58,319.26,320.19,352.21,428.38
2025-03-29,20.58,56.83,0.78,12.77,353.35,348.24,364.86,482.97
2025-03-30,27.46,45.19,0.63,12.94,331.42,305.89,331.4,404.83
2025-03-31,16.38,58.03,0.42,6.06,418.76,417.08,435.1,433.78
2025-04-01,29.87,61.15,2.37,8.86,179.75,176.49,215.23,451.93
2025-04-02,36.09,56.63,0.49,14.78,349.0,352.91,327.42,477.11
2025-04-03,17.46,50.25,1.81,13.58,343.65,342.11,340.27,426.65
2025-04-04,16.88,62.53,0.61,4.51,322.78,319.58,287.11,365.23
2025-04-05,30.17,66.63,2.17,11.41,453.57,435.78,456.46,547.35
2025-04-06,31.06,43.64,3.37,2.09,296.76,287.36,302.24,400.11
2025-04-07,16.34,81.16,3.01,10.19,396.31,401.07,395.72,474.87
2025-04-08,17.06,58.52,2.86,17.59,371.38,388.53,361.56,545.34
2025-04-09,18.03,60.28,0.42,6.21,425.69,424.72,394.95,470.83
2025-04-10,10.59,70.62,0.19,6.66,309.97,313.25,315.57,403.7
2025-04-11,13.57,63.5,2.4,13.06,306.02,315.55,327.85,420.99
2025-04-12,12.97,74.3,0.92,3.83,415.76,407.66,406.9,391.98
2025-04-13,14.63,64.31,1.13,7.47,375.52,379.19,382.12,432.82
2025-04-14,19.76,50.81,0.06,12.39,257.3,249.9,233.78,398.92
2025-04-15,21.64,65.42,0.6,7.46,317.64,326.29,324.5,399.46
2025-04-16,30.85,42.84,0.07,9.06,373.18,374.7,367.28,483.22
2025-04-17,13.01,61.63,4.23,12.98,400.27,403.25,388.83,482.32
2025-04-18,26.89,59.5,0.56,11.69,309.25,301.42,297.84,503.16
2025-04-19,18.5,56.88,1.63,11.07,175.14,182.21,169.24,327.55
2025-04-20,19.65,58.07,0.08,8.64,381.39,402.24,387.13,398.75
2025-04-21,24.72,31.77,2.2,11.48,276.78,266.7,257.1,366.73
2025-04-22,12.14,51.77,0.78,9.51,228.96,225.56,223.0,356.55
2025-04-23,22.68,61.39,4.56,11.83,180.06,182.38,179.44,343.35
2025-04-24,21.17,62.4,4.38,8.01,398.84,406.7,382.35,427.07
2025-04-25,23.45,44.58,0.79,9.27,357.72,352.12,384.67,422.05
2025-04-26,22.02,78.99,4.62,6.04,336.46,308.13,323.66,478.16
2025-04-27,37.19,47.01,11.12,9.86,433.34,446.93,423.3,615.42
2025-04-28,15.54,74.54,3.49,6.76,388.24,395.84,373.56,497.44
2025-04-29,16.28,66.41,3.73,5.54,446.98,429.55,473.96,467.59
2025-04-30,15.64,50.31,0.57,11.03,266.44,260.36,274.73,293.52
2025-05-01,16.11,86.63,1.72,10.85,347.93,363.61,333.88,535.42
2025-05-02,15.54,42.1,0.14,13.13,253.0,267.48,269.59,298.97
2025-05-03,28.32,73.79,0.2,8.28,336.24,345.62,339.25,451.96
2025-05-04,29.94,75.01,13.61,11.63,335.08,333.32,338.94,644.18
2025-05-05,16.0,49.94,0.79,12.2,387.6,388.43,382.43,405.11
2025-05-06,14.17,80.89,2.76,11.78,352.73,351.42,341.49,464.51
2025-05-07,23.3,56.25,3.29,6.7,387.4,398.69,392.47,483.57
2025-05-08,16.13,64.33,3.9,10.6,392.21,383.45,384.03,500.97
2025-05-09,24.43,63.9,12.09,11.46,479.3,471.24,506.55,610.68
2025-05-10,21.42,57.99,0.55,10.03,331.08,341.18,312.04,468.72
2025-05-11,9.39,72.16,0.08,1.65,293.54,293.1,316.58,279.59
2025-05-12,30.83,71.9,1.06,10.64,364.77,378.55,363.1,543.54
2025-05-13,32.57,33.77,0.28,18.85,301.86,295.15,306.35,414.93
2025-05-14,15.71,79.57,0.05,8.56,438.92,438.37,451.42,524.35
2025-05-15,17.29,35.06,0.89,7.09,333.01,323.78,323.55,355.73
2025-05-16,22.0,75.49,3.06,11.49,316.07,316.14,329.03,457.81
2025-05-17,22.34,76.9,1.67,11.25,321.72,306.94,281.11,493.36
2025-05-18,24.61,43.64,0.75,14.77,393.11,388.23,382.31,483.98
2025-05-19,34.07,53.84,2.12,4.97,340.54,326.17,326.67,499.46
2025-05-20,18.76,43.41,0.53,12.93,311.5,318.44,292.7,348.5
2025-05-21,14.41,56.78,0.03,12.36,449.92,457.09,446.7,433.37
2025-05-22,10.34,55.38,2.89,9.43,298.63,281.33,304.42,363.1
2025-05-23,14.88,71.69,1.95,11.35,352.13,365.47,362.67,442.34
2025-05-24,19.77,79.65,2.87,14.12,389.14,414.11,392.75,540.55
2025-05-25,32.56,80.94,0.08,13.49,252.12,252.58,242.13,431.4
2025-05-26,16.38,51.57,3.63,5.43,378.82,372.4,384.35,429.78
2025-05-27,21.57,56.86,1.93,13.28,286.69,314.94,288.56,411.51
2025-05-28,19.89,34.75,1.66,9.74,399.37,386.18,413.41,385.93
2025-05-29,28.32,47.91,1.96,10.29,292.24,292.44,303.89,407.81
2025-05-30,37.69,74.47,4.0,10.29,391.57,393.36,392.02,589.59
2025-05-31,16.28,84.23,1.77,9.4,416.35,429.8,402.89,392.37
2025-06-01,16.57,41.48,1.74,14.77,401.69,405.28,391.89,403.86
2025-06-02,27.31,51.11,9.35,9.67,365.08,360.09,356.83,498.84
2025-06-03,24.77,59.6,2.83,5.52,336.12,326.61,331.39,466.3
2025-06-04,32.93,64.2,1.17,8.43,315.41,312.0,319.44,461.2
2025-06-05,24.09,47.86,2.46,10.71,438.26,428.19,448.99,480.63
2025-06-06,17.48,66.36,0.99,14.92,308.03,308.51,307.26,473.07
2025-06-07,24.13,52.89,0.52,12.41,287.78,282.13,288.02,441.57
2025-06-08,27.76,59.78,1.82,6.6,389.92,374.98,392.07,514.73
2025-06-09,25.74,68.19,5.27,19.94,302.23,314.78,294.49,503.19
2025-06-10,23.55,60.1,5.29,11.06,293.0,288.02,279.12,476.27
2025-06-11,27.47,53.45,0.84,15.1,263.38,250.7,237.05,420.92
2025-06-12,28.19,58.36,1.5,9.39,321.03,319.34,310.6,452.45
2025-06-13,29.68,58.67,0.48,12.13,345.04,345.72,352.13,490.74
2025-06-14,24.54,54.45,10.87,13.36,364.59,347.12,354.04,522.99
2025-06-15,18.83,56.12,7.94,14.87,407.08,410.39,403.51,562.85
2025-06-16,21.03,83.98,2.1,14.23,381.61,371.14,388.61,518.56
2025-06-17,28.45,68.41,3.26,13.49,338.55,355.66,346.36,533.45
2025-06-18,14.28,55.57,2.51,8.74,338.11,343.35,321.92,441.57
2025-06-19,22.58,70.45,1.8,7.71,380.61,376.61,395.57,512.59
2025-06-20,17.25,54.99,0.11,11.33,426.35,418.9,443.26,402.0
2025-06-21,20.2,77.6,1.21,13.73,357.58,356.53,340.63,499.24
2025-06-22,28.95,65.54,2.25,9.11,321.85,327.98,309.49,507.58
2025-06-23,21.34,58.39,2.26,14.26,290.43,290.17,308.29,456.33
2025-06-24,20.33,66.72,0.93,15.81,263.29,261.12,261.08,388.21
2025-06-25,10.48,36.44,5.68,6.33,389.98,390.56,356.68,365.03
2025-06-26,25.22,43.1,0.37,6.65,384.68,378.64,363.68,457.38
2025-06-27,24.52,42.09,1.39,9.44,384.64,381.21,380.9,415.66
2025-06-28,35.14,62.14,2.35,11.23,342.28,321.42,324.83,514.63
2025-06-29,17.85,85.99,2.39,7.9,434.42,444.15,428.21,568.5
2025-06-30,21.53,93.47,2.09,15.41,320.95,323.94,321.44,516.61
2025-07-01,21.75,69.57,0.64,11.7,407.32,399.58,429.25,469.97
2025-07-02,31.04,67.51,0.34,10.16,347.68,366.66,343.32,470.94
2025-07-03,19.33,32.98,2.02,4.26,313.5,314.37,329.59,358.3
2025-07-04,21.95,51.86,1.83,4.74,385.55,375.19,406.98,395.11
2025-07-05,24.26,48.18,0.4,11.12,374.58,383.15,396.09,434.05
2025-07-06,21.31,50.69,2.44,1.47,371.42,375.4,375.69,427.56
2025-07-07,16.87,57.48,1.21,14.05,354.88,358.82,325.43,467.61
2025-07-08,21.36,52.92,2.2,9.37,347.73,343.47,354.64,452.25
2025-07-09,27.52,30.31,3.63,22.97,493.3,497.81,509.03,521.4
2025-07-10,12.81,71.22,0.37,19.23,421.06,418.44,419.84,513.06
2025-07-11,20.93,43.91,0.04,9.27,393.37,398.93,419.54,408.3
2025-07-12,15.1,63.59,3.02,9.57,356.71,337.66,369.61,396.84
2025-07-13,28.37,91.11,1.88,13.98,410.43,406.09,418.95,581.1
2025-07-14,9.34,46.21,2.41,16.81,381.08,398.3,397.38,442.47
2025-07-15,16.09,22.05,3.64,3.45,351.57,343.9,356.57,344.75
2025-07-16,22.64,55.71,3.25,2.85,331.79,325.75,294.39,425.43
2025-07-17,30.96,76.51,6.48,7.51,345.14,340.67,337.66,603.92
2025-07-18,19.54,89.38,1.54,12.33,159.77,147.63,177.73,362.67
2025-07-19,16.11,41.56,1.34,11.99,362.64,340.55,350.52,353.12
2025-07-20,33.17,67.45,1.03,14.28,320.69,318.39,317.34,463.67
2025-07-21,9.86,53.02,0.33,5.2,445.56,446.92,429.89,407.59
2025-07-22,4.61,58.41,1.7,0.74,351.16,350.64,377.92,336.25
2025-07-23,23.08,99.67,0.65,13.43,278.66,277.21,303.88,545.83
2025-07-24,16.49,37.46,5.08,6.69,347.01,347.44,333.75,398.88
2025-07-25,12.85,63.81,1.75,1.93,287.23,297.46,289.44,343.14
2025-07-26,24.96,67.02,1.8,10.58,378.4,376.5,368.2,494.2
2025-07-27,21.71,76.29,0.88,13.17,367.46,361.72,376.68,494.9
2025-07-28,16.05,61.47,0.11,9.51,407.47,404.66,415.12,386.17
2025-07-29,11.04,64.62,0.06,8.17,302.55,308.34,314.72,442.04
2025-07-30,26.11,54.13,1.1,9.36,352.04,366.16,357.02,467.3
2025-07-31,24.55,64.04,0.18,8.52,268.1,261.82,312.13,418.15
2025-08-01,19.31,54.85,1.87,4.61,392.09,393.08,376.67,449.49
2025-08-02,32.93,69.32,4.26,7.14,381.13,384.52,355.47,570.61
2025-08-03,12.51,54.46,4.29,12.09,379.75,369.82,373.85,427.69
2025-08-04,9.32,65.66,2.15,11.29,350.1,350.3,326.58,385.11
2025-08-05,15.16,59.56,0.47,10.67,374.89,360.23,352.5,436.15
2025-08-06,19.68,76.89,3.98,6.02,446.26,428.57,431.24,536.75
2025-08-07,21.7,59.23,4.34,9.27,332.89,336.56,319.06,431.71
2025-08-08,18.31,33.4,0.44,1.29,358.32,354.48,344.0,387.47
2025-08-09,22.46,78.93,2.67,10.71,284.83,286.86,292.61,474.93
2025-08-10,11.24,46.41,0.68,15.72,297.9,297.73,290.31,372.42
2025-08-11,30.11,50.19,3.25,4.1,355.87,346.1,353.18,508.88
2025-08-12,19.42,51.07,11.78,7.66,416.24,415.78,429.65,525.27
2025-08-13,27.82,80.62,0.06,11.32,334.62,322.29,323.13,511.6
2025-08-14,22.4,27.96,4.55,15.01,335.85,349.75,331.88,441.61
2025-08-15,23.2,100.0,1.95,8.21,325.59,312.03,331.07,497.25
2025-08-16,23.99,75.84,7.25,7.23,317.91,315.96,288.79,511.91
2025-08-17,23.13,63.35,1.25,2.12,367.7,357.28,331.92,446.36
2025-08-18,24.5,59.18,3.76,10.41,260.16,265.87,265.36,403.57
2025-08-19,29.3,64.28,0.13,18.17,426.86,423.54,434.24,613.58
2025-08-20,21.38,67.82,0.82,11.11,310.07,304.89,341.04,395.19
2025-08-21,24.96,69.68,0.14,9.91,393.31,401.85,395.69,452.73
2025-08-22,19.37,68.33,7.41,11.29,273.8,274.09,286.1,502.96
2025-08-23,30.08,61.34,3.4,9.96,390.13,395.3,387.2,546.59
2025-08-24,15.27,57.04,3.83,6.75,390.32,380.5,394.78,405.66
2025-08-25,32.61,57.73,5.56,13.29,373.05,359.0,398.06,567.6
2025-08-26,19.72,57.08,0.18,10.9,290.33,291.41,258.47,436.08
2025-08-27,9.98,77.01,0.97,10.07,364.97,361.78,371.18,423.52
2025-08-28,20.9,68.9,0.15,6.1,279.02,285.28,311.05,479.24
2025-08-29,15.23,20.0,0.47,15.21,334.83,334.04,339.06,281.29
2025-08-30,25.88,69.84,0.52,12.66,411.76,413.82,436.52,537.94
2025-08-31,15.43,62.92,1.27,7.79,397.8,381.57,388.36,470.39
2025-09-01,16.88,59.72,0.63,14.01,350.91,369.8,350.43,453.04
2025-09-02,6.77,54.17,0.21,8.01,291.51,289.87,292.01,307.57
2025-09-03,16.83,76.86,0.37,6.87,388.74,395.71,355.47,447.1
2025-09-04,3.03,74.21,0.32,6.96,351.16,342.8,333.64,375.93
2025-09-05,8.91,48.41,7.23,2.92,210.78,213.86,194.33,337.82
2025-09-06,25.32,66.11,2.85,11.89,396.96,383.93,409.29,533.82
2025-09-07,25.5,45.43,6.87,2.68,348.55,353.07,361.63,486.81
2025-09-08,22.98,39.31,1.16,5.09,422.15,418.59,427.01,398.54
2025-09-09,13.23,50.6,0.65,1.7,284.28,284.58,296.65,312.98
2025-09-10,19.67,72.94,3.2,9.66,159.4,166.38,156.94,350.28
2025-09-11,19.97,74.3,0.79,9.4,366.75,354.42,384.77,454.77
2025-09-12,11.89,67.7,0.71,8.69,367.49,360.65,367.63,440.83
2025-09-13,30.52,70.88,0.53,5.83,248.56,253.13,249.43,443.61
2025-09-14,26.14,67.74,0.28,5.31,291.29,312.27,287.31,508.2
2025-09-15,18.45,50.38,0.59,11.86,515.31,513.93,525.58,496.79
2025-09-16,20.19,66.48,0.88,7.8,331.66,337.57,325.35,431.94
2025-09-17,21.46,72.01,2.24,11.27,393.86,392.79,408.5,503.15
2025-09-18,5.71,71.31,0.13,6.46,310.96,330.38,293.98,327.92
2025-09-19,18.27,77.83,0.47,10.72,224.58,207.11,208.1,393.53
2025-09-20,15.23,70.62,3.31,15.21,339.78,340.73,350.1,493.23
2025-09-21,12.99,65.27,0.32,12.34,334.06,317.81,332.74,405.51
2025-09-22,18.03,76.05,0.84,8.35,326.01,300.94,319.2,413.23
2025-09-23,32.58,59.6,4.0,11.03,343.12,346.1,356.47,491.02
2025-09-24,24.49,46.77,0.34,9.04,365.86,367.25,356.75,415.2
2025-09-25,16.0,57.55,0.17,10.03,340.99,338.14,337.99,399.31
2025-09-26,24.01,48.83,1.33,8.7,274.16,273.1,295.15,427.28
